<entities xmlns:xsi="http://www.w3.org/2001/XMLSchema-instance">
  <entity name="cielo_discountraterestriction" displayname="Alçada de Taxas" etc="10105" primaryidfield="cielo_discountraterestrictionid" primarynamefield="cielo_name" disableplugins="false">
    <fields>
      <field displayname="Alçada de Taxas" name="cielo_discountraterestrictionid" type="guid" primaryKey="true" />
      <field displayname="Código do MCC" name="cielo_branchactivitycodeid" type="entityreference" lookupType="cielo_branchofactivity" customfield="true" />
      <field displayname="Código do Produto" name="cielo_productcode" type="string" customfield="true" />
      <field displayname="Código Ilha de Atendimento" name="cielo_agentgroupcodeid" type="entityreference" lookupType="team" customfield="true" />
      <field displayname="Created By" name="createdby" type="entityreference" lookupType="systemuser" />
      <field displayname="Created By (Delegate)" name="createdonbehalfby" type="entityreference" lookupType="systemuser" />
      <field displayname="Created On" name="createdon" type="datetime" />
      <field displayname="Import Sequence Number" name="importsequencenumber" type="number" />
      <field displayname="Modified By" name="modifiedby" type="entityreference" lookupType="systemuser" />
      <field displayname="Modified By (Delegate)" name="modifiedonbehalfby" type="entityreference" lookupType="systemuser" />
      <field displayname="Modified On" name="modifiedon" type="datetime" />
      <field displayname="Name" name="cielo_name" type="string" customfield="true" />
      <field displayname="Organization Id" name="organizationid" type="entityreference" lookupType="organization" />
      <field displayname="Percentual da Taxa" name="cielo_discountraterestrictionpercentage" type="decimal" customfield="true" />
      <field displayname="Record Created On" name="overriddencreatedon" type="datetime" />
      <field displayname="Status" name="statecode" type="state" />
      <field displayname="Status Reason" name="statuscode" type="status" />
      <field displayname="Time Zone Rule Version Number" name="timezoneruleversionnumber" type="number" />
      <field displayname="UTC Conversion Time Zone Code" name="utcconversiontimezonecode" type="number" />
    </fields>
    <relationships />
  </entity>
  <entity name="cielo_brand" displayname="Bandeira" etc="10104" primaryidfield="cielo_brandid" primarynamefield="cielo_name" disableplugins="false">
    <fields>
      <field displayname="Bandeira" name="cielo_brandid" type="guid" primaryKey="true" />
      <field displayname="Created By" name="createdby" type="entityreference" lookupType="systemuser" />
      <field displayname="Created By (Delegate)" name="createdonbehalfby" type="entityreference" lookupType="systemuser" />
      <field displayname="Created On" name="createdon" type="datetime" />
      <field displayname="Import Sequence Number" name="importsequencenumber" type="number" />
      <field displayname="Modified By" name="modifiedby" type="entityreference" lookupType="systemuser" />
      <field displayname="Modified By (Delegate)" name="modifiedonbehalfby" type="entityreference" lookupType="systemuser" />
      <field displayname="Modified On" name="modifiedon" type="datetime" />
      <field displayname="Nome" name="cielo_name" type="string" customfield="true" />
      <field displayname="Organization Id" name="organizationid" type="entityreference" lookupType="organization" />
      <field displayname="Record Created On" name="overriddencreatedon" type="datetime" />
      <field displayname="Status" name="statecode" type="state" />
      <field displayname="Status Reason" name="statuscode" type="status" />
      <field displayname="Time Zone Rule Version Number" name="timezoneruleversionnumber" type="number" />
      <field displayname="UTC Conversion Time Zone Code" name="utcconversiontimezonecode" type="number" />
    </fields>
    <relationships />
  </entity>
  <entity name="cielo_branchofactivity" displayname="Branch of Activity" etc="10010" primaryidfield="cielo_branchofactivityid" primarynamefield="cielo_economyclassname" disableplugins="false">
    <fields>
      <field displayname="ARV Restriction Indicator" name="cielo_hasarvrestriction" type="bool" customfield="true" />
      <field displayname="Branch of Activity" name="cielo_branchofactivityid" type="guid" primaryKey="true" />
      <field displayname="Branch of Activity" name="cielo_economyclassname" type="string" customfield="true" />
      <field displayname="Branch of Activity Code" name="cielo_code" type="number" customfield="true" />
      <field displayname="Created By" name="createdby" type="entityreference" lookupType="systemuser" />
      <field displayname="Created By (Delegate)" name="createdonbehalfby" type="entityreference" lookupType="systemuser" />
      <field displayname="Created On" name="createdon" type="datetime" />
      <field displayname="Import Sequence Number" name="importsequencenumber" type="number" />
      <field displayname="Modified By" name="modifiedby" type="entityreference" lookupType="systemuser" />
      <field displayname="Modified By (Delegate)" name="modifiedonbehalfby" type="entityreference" lookupType="systemuser" />
      <field displayname="Modified On" name="modifiedon" type="datetime" />
      <field displayname="Organization Id" name="organizationid" type="entityreference" lookupType="organization" />
      <field displayname="Record Created On" name="overriddencreatedon" type="datetime" />
      <field displayname="Status" name="statecode" type="state" />
      <field displayname="Status Reason" name="statuscode" type="status" />
      <field displayname="Time Zone Rule Version Number" name="timezoneruleversionnumber" type="number" />
      <field displayname="UTC Conversion Time Zone Code" name="utcconversiontimezonecode" type="number" />
    </fields>
    <relationships />
  </entity>
  <entity name="incident" displayname="Case" etc="112" primaryidfield="incidentid" primarynamefield="title" disableplugins="false">
    <fields>
      <field displayname="Account" name="accountid" type="entityreference" lookupType="account" />
      <field displayname="Activities Complete" name="activitiescomplete" type="bool" />
      <field displayname="Actual Service Units" name="actualserviceunits" type="number" />
      <field displayname="Billed Service Units" name="billedserviceunits" type="number" />
      <field displayname="Blocked Profile" name="blockedprofile" type="bool" />
      <field displayname="Case" name="incidentid" type="guid" primaryKey="true" />
      <field displayname="Case Number" name="ticketnumber" type="string" />
      <field displayname="Case Stage" name="incidentstagecode" type="optionsetvalue" />
      <field displayname="Case Title" name="title" type="string" />
      <field displayname="Case Type" name="casetypecode" type="optionsetvalue" />
      <field displayname="Check Email" name="checkemail" type="bool" />
      <field displayname="Child Cases" name="numberofchildincidents" type="number" />
      <field displayname="Contact" name="contactid" type="entityreference" lookupType="contact" />
      <field displayname="Contact" name="primarycontactid" type="entityreference" lookupType="contact" />
      <field displayname="Contract" name="contractid" type="entityreference" lookupType="contract" />
      <field displayname="Contract Line" name="contractdetailid" type="entityreference" lookupType="contractdetail" />
      <field displayname="Created By" name="createdby" type="entityreference" lookupType="systemuser" />
      <field displayname="Created By (Delegate)" name="createdonbehalfby" type="entityreference" lookupType="systemuser" />
      <field displayname="Created On" name="createdon" type="datetime" />
      <field displayname="Currency" name="transactioncurrencyid" type="entityreference" lookupType="transactioncurrency" />
      <field displayname="Customer" name="customerid" type="entityreference" lookupType="account|contact" />
      <field displayname="Customer Contacted" name="customercontacted" type="bool" />
      <field displayname="Decrementing" name="isdecrementing" type="bool" />
      <field displayname="Description" name="description" type="string" />
      <field displayname="Entitlement" name="entitlementid" type="entityreference" lookupType="entitlement" />
      <field displayname="Entity Image" name="entityimage" type="imagedata" />
      <field displayname="Entity Image Id" name="entityimageid" type="guid" />
      <field displayname="Escalated On" name="escalatedon" type="datetime" />
      <field displayname="Exchange Rate" name="exchangerate" type="decimal" />
      <field displayname="First Response By" name="responseby" type="datetime" />
      <field displayname="First Response Sent" name="firstresponsesent" type="bool" />
      <field displayname="First Response SLA Status" name="firstresponseslastatus" type="optionsetvalue" />
      <field displayname="Follow Up By" name="followupby" type="datetime" />
      <field displayname="Follow up Task Created" name="followuptaskcreated" type="bool" />
      <field displayname="Import Sequence Number" name="importsequencenumber" type="number" />
      <field displayname="Influence Score" name="influencescore" type="float" />
      <field displayname="Internal Use Only" name="merged" type="bool" />
      <field displayname="IsEscalated" name="isescalated" type="bool" />
      <field displayname="Knowledge Base Article" name="kbarticleid" type="entityreference" lookupType="kbarticle" />
      <field displayname="Last SLA invoked" name="slainvokedid" type="entityreference" lookupType="sla" />
      <field displayname="Master Case" name="masterid" type="entityreference" lookupType="incident" />
      <field displayname="Modified By" name="modifiedby" type="entityreference" lookupType="systemuser" />
      <field displayname="Modified By (Delegate)" name="modifiedonbehalfby" type="entityreference" lookupType="systemuser" />
      <field displayname="Modified On" name="modifiedon" type="datetime" />
      <field displayname="Número Estabelecimento Comercial" name="cielo_commercialestablishmentnumberid" type="entityreference" lookupType="cielo_commercialestablishment" customfield="true" />
      <field displayname="Origin" name="caseorigincode" type="optionsetvalue" />
      <field displayname="Owner" name="ownerid" type="owner" />
      <field displayname="Owning Business Unit" name="owningbusinessunit" type="entityreference" lookupType="businessunit" />
      <field displayname="Owning Team" name="owningteam" type="entityreference" lookupType="team" />
      <field displayname="Owning User" name="owninguser" type="entityreference" lookupType="systemuser" />
      <field displayname="Parent Case" name="parentcaseid" type="entityreference" lookupType="incident" />
      <field displayname="Priority" name="prioritycode" type="optionsetvalue" />
      <field displayname="Process" name="processid" type="guid" />
      <field displayname="Process Stage" name="stageid" type="guid" />
      <field displayname="Product" name="productid" type="entityreference" lookupType="product" />
      <field displayname="Protocolo" name="cielo_protocol" type="string" customfield="true" />
      <field displayname="Received As" name="messagetypecode" type="optionsetvalue" />
      <field displayname="Record Created On" name="overriddencreatedon" type="datetime" />
      <field displayname="Resolve By" name="resolveby" type="datetime" />
      <field displayname="Resolve By SLA Status" name="resolvebyslastatus" type="optionsetvalue" />
      <field displayname="Responsible Contact" name="responsiblecontactid" type="entityreference" lookupType="contact" />
      <field displayname="Route Case" name="routecase" type="bool" />
      <field displayname="Satisfaction" name="customersatisfactioncode" type="optionsetvalue" />
      <field displayname="Sentiment Value" name="sentimentvalue" type="float" />
      <field displayname="Serial Number" name="productserialnumber" type="string" />
      <field displayname="Service Level" name="contractservicelevelcode" type="optionsetvalue" />
      <field displayname="Service Stage" name="servicestage" type="optionsetvalue" />
      <field displayname="Severity" name="severitycode" type="optionsetvalue" />
      <field displayname="Social Profile" name="socialprofileid" type="entityreference" lookupType="socialprofile" />
      <field displayname="Status" name="statecode" type="state" />
      <field displayname="Status Reason" name="statuscode" type="status" />
      <field displayname="Subject" name="subjectid" type="entityreference" lookupType="subject" />
      <field displayname="Time Zone Rule Version Number" name="timezoneruleversionnumber" type="number" />
      <field displayname="UTC Conversion Time Zone Code" name="utcconversiontimezonecode" type="number" />
    </fields>
    <relationships />
  </entity>
  <entity name="cielo_commercialestablishment" displayname="Commercial Establishment" etc="10012" primaryidfield="cielo_commercialestablishmentid" primarynamefield="cielo_ecnumber" disableplugins="false">
    <fields>
      <field displayname="Activity Status" name="cielo_activitystatusid" type="entityreference" lookupType="cielo_activitystatus" customfield="true" />
      <field displayname="Anticipation Category" name="cielo_anticipationcategoryid" type="entityreference" lookupType="cielo_anticipationcategory" customfield="true" />
      <field displayname="Branch of Activity" name="cielo_branchofactivityid" type="entityreference" lookupType="cielo_branchofactivity" customfield="true" />
      <field displayname="Business Phone" name="cielo_alternatephonenumber" type="string" customfield="true" />
      <field displayname="City" name="cielo_cityname" type="string" customfield="true" />
      <field displayname="Closing Date" name="cielo_closingdate" type="datetime" customfield="true" />
      <field displayname="Closure Reason" name="cielo_closurereasonid" type="entityreference" lookupType="cielo_closurereason" customfield="true" />
      <field displayname="Commercial Segment" name="cielo_segmentcode" type="string" customfield="true" />
      <field displayname="Company Name" name="cielo_companyname" type="string" customfield="true" />
      <field displayname="CPF/CNPJ" name="cielo_cpfcnpj" type="string" customfield="true" />
      <field displayname="Created By" name="createdby" type="entityreference" lookupType="systemuser" />
      <field displayname="Created By (Delegate)" name="createdonbehalfby" type="entityreference" lookupType="systemuser" />
      <field displayname="Created On" name="createdon" type="datetime" />
      <field displayname="Customer" name="cielo_accountid" type="entityreference" lookupType="account" customfield="true" />
      <field displayname="Customer Online Service" name="cielo_customeronlineservice" type="bool" customfield="true" />
      <field displayname="EC Number" name="cielo_commercialestablishmentid" type="guid" primaryKey="true" />
      <field displayname="EC Number" name="cielo_ecnumber" type="string" customfield="true" />
      <field displayname="Email" name="emailaddress" type="string" />
      <field displayname="Establishment Phone" name="cielo_mainphonenumber" type="string" customfield="true" />
      <field displayname="Hours of Operation" name="cielo_hoursofoperationid" type="entityreference" lookupType="cielo_hoursofoperation" customfield="true" />
      <field displayname="Import Sequence Number" name="importsequencenumber" type="number" />
      <field displayname="Localized Exception Message" name="cielo_localizedexceptionmessage" type="string" customfield="true" />
      <field displayname="Membership Date" name="cielo_membershipdate" type="datetime" customfield="true" />
      <field displayname="Modified By" name="modifiedby" type="entityreference" lookupType="systemuser" />
      <field displayname="Modified By (Delegate)" name="modifiedonbehalfby" type="entityreference" lookupType="systemuser" />
      <field displayname="Modified On" name="modifiedon" type="datetime" />
      <field displayname="Opening Date" name="cielo_openingdate" type="datetime" customfield="true" />
      <field displayname="Owner" name="ownerid" type="owner" />
      <field displayname="Owning Business Unit" name="owningbusinessunit" type="entityreference" lookupType="businessunit" />
      <field displayname="Owning Team" name="owningteam" type="entityreference" lookupType="team" />
      <field displayname="Owning User" name="owninguser" type="entityreference" lookupType="systemuser" />
      <field displayname="Person Type" name="cielo_cepersontype" type="string" customfield="true" />
      <field displayname="Person Type" name="cielo_persontype" type="optionsetvalue" customfield="true" />
      <field displayname="Plate Name" name="cielo_platename" type="string" customfield="true" />
      <field displayname="Record Created On" name="overriddencreatedon" type="datetime" />
      <field displayname="Signature on File" name="cielo_issignatureonfile" type="bool" customfield="true" />
      <field displayname="State" name="cielo_stateacronym" type="string" customfield="true" />
      <field displayname="Status" name="statecode" type="state" />
      <field displayname="Status of Operation" name="cielo_statusofoperationid" type="entityreference" lookupType="cielo_statusofoperation" customfield="true" />
      <field displayname="Status Reason" name="statuscode" type="status" />
      <field displayname="Time Zone Rule Version Number" name="timezoneruleversionnumber" type="number" />
      <field displayname="Trade Name" name="cielo_tradename" type="string" customfield="true" />
      <field displayname="UTC Conversion Time Zone Code" name="utcconversiontimezonecode" type="number" />
      <field displayname="Virtual Manager Portfolio" name="cielo_virtualmanagerportfolioid" type="entityreference" lookupType="cielo_virtualmanagerportfolio" customfield="true" />
    </fields>
    <relationships />
  </entity>
  <entity name="cielo_segmentedparcelledrange" displayname="Faixa Parcelado Segmentado" etc="10109" primaryidfield="cielo_segmentedparcelledrangeid" primarynamefield="cielo_name" disableplugins="false">
    <fields>
      <field displayname="Código da Faixa" name="cielo_coderange" type="string" customfield="true" />
      <field displayname="Created By" name="createdby" type="entityreference" lookupType="systemuser" />
      <field displayname="Created By (Delegate)" name="createdonbehalfby" type="entityreference" lookupType="systemuser" />
      <field displayname="Created On" name="createdon" type="datetime" />
      <field displayname="Faixa até" name="cielo_finalrangenumber" type="string" customfield="true" />
      <field displayname="Faixa de" name="cielo_initialrangenumber" type="string" customfield="true" />
      <field displayname="Faixa Parcelado Segmentado" name="cielo_segmentedparcelledrangeid" type="guid" primaryKey="true" />
      <field displayname="Import Sequence Number" name="importsequencenumber" type="number" />
      <field displayname="Modified By" name="modifiedby" type="entityreference" lookupType="systemuser" />
      <field displayname="Modified By (Delegate)" name="modifiedonbehalfby" type="entityreference" lookupType="systemuser" />
      <field displayname="Modified On" name="modifiedon" type="datetime" />
      <field displayname="Nome" name="cielo_name" type="string" customfield="true" />
      <field displayname="Owner" name="ownerid" type="owner" />
      <field displayname="Owning Business Unit" name="owningbusinessunit" type="entityreference" lookupType="businessunit" />
      <field displayname="Owning Team" name="owningteam" type="entityreference" lookupType="team" />
      <field displayname="Owning User" name="owninguser" type="entityreference" lookupType="systemuser" />
      <field displayname="Percentual da Taxa" name="cielo_ratevalue" type="decimal" customfield="true" />
      <field displayname="Record Created On" name="overriddencreatedon" type="datetime" />
      <field displayname="Solicitação de Produtos" name="cielo_productrequestcode" type="entityreference" lookupType="cielo_productrequest" customfield="true" />
      <field displayname="Status" name="statecode" type="state" />
      <field displayname="Status Reason" name="statuscode" type="status" />
      <field displayname="Time Zone Rule Version Number" name="timezoneruleversionnumber" type="number" />
      <field displayname="UTC Conversion Time Zone Code" name="utcconversiontimezonecode" type="number" />
    </fields>
    <relationships />
  </entity>
  <entity name="cielo_requestreason" displayname="Motivo Solicitação" etc="10108" primaryidfield="cielo_requestreasonid" primarynamefield="cielo_name" disableplugins="false">
    <fields>
      <field displayname="Created By" name="createdby" type="entityreference" lookupType="systemuser" />
      <field displayname="Created By (Delegate)" name="createdonbehalfby" type="entityreference" lookupType="systemuser" />
      <field displayname="Created On" name="createdon" type="datetime" />
      <field displayname="Descrição" name="cielo_name" type="string" customfield="true" />
      <field displayname="Import Sequence Number" name="importsequencenumber" type="number" />
      <field displayname="Modified By" name="modifiedby" type="entityreference" lookupType="systemuser" />
      <field displayname="Modified By (Delegate)" name="modifiedonbehalfby" type="entityreference" lookupType="systemuser" />
      <field displayname="Modified On" name="modifiedon" type="datetime" />
      <field displayname="Motivo Solicitação" name="cielo_requestreasonid" type="guid" primaryKey="true" />
      <field displayname="Owner" name="ownerid" type="owner" />
      <field displayname="Owning Business Unit" name="owningbusinessunit" type="entityreference" lookupType="businessunit" />
      <field displayname="Owning Team" name="owningteam" type="entityreference" lookupType="team" />
      <field displayname="Owning User" name="owninguser" type="entityreference" lookupType="systemuser" />
      <field displayname="Record Created On" name="overriddencreatedon" type="datetime" />
      <field displayname="Status" name="statecode" type="state" />
      <field displayname="Status Reason" name="statuscode" type="status" />
      <field displayname="Time Zone Rule Version Number" name="timezoneruleversionnumber" type="number" />
      <field displayname="Tipo de Solicitação" name="cielo_articlesubjectcodeid" type="entityreference" lookupType="subject" customfield="true" />
      <field displayname="UTC Conversion Time Zone Code" name="utcconversiontimezonecode" type="number" />
    </fields>
    <relationships />
  </entity>
  <entity name="cielo_requestparameterization" displayname="Parametrização de Solicitação" etc="10107" primaryidfield="cielo_requestparameterizationid" primarynamefield="cielo_name" disableplugins="false">
    <fields>
      <field displayname="Código" name="cielo_requesttypecode" type="string" customfield="true" />
      <field displayname="Created By" name="createdby" type="entityreference" lookupType="systemuser" />
      <field displayname="Created By (Delegate)" name="createdonbehalfby" type="entityreference" lookupType="systemuser" />
      <field displayname="Created On" name="createdon" type="datetime" />
      <field displayname="Import Sequence Number" name="importsequencenumber" type="number" />
      <field displayname="Modified By" name="modifiedby" type="entityreference" lookupType="systemuser" />
      <field displayname="Modified By (Delegate)" name="modifiedonbehalfby" type="entityreference" lookupType="systemuser" />
      <field displayname="Modified On" name="modifiedon" type="datetime" />
      <field displayname="Nome" name="cielo_name" type="string" customfield="true" />
      <field displayname="Organization Id" name="organizationid" type="entityreference" lookupType="organization" />
      <field displayname="Parametrização de Solicitação" name="cielo_requestparameterizationid" type="guid" primaryKey="true" />
      <field displayname="Record Created On" name="overriddencreatedon" type="datetime" />
      <field displayname="Status" name="statecode" type="state" />
      <field displayname="Status Reason" name="statuscode" type="status" />
      <field displayname="Time Zone Rule Version Number" name="timezoneruleversionnumber" type="number" />
      <field displayname="UTC Conversion Time Zone Code" name="utcconversiontimezonecode" type="number" />
    </fields>
    <relationships />
  </entity>
  <entity name="cielo_productrequest" displayname="Solicitação de Produto" etc="10106" primaryidfield="cielo_productrequestid" primarynamefield="cielo_name" disableplugins="false">
    <fields>
      <field displayname="Assunto" name="cielo_articlesubjectcode" type="entityreference" lookupType="subject" customfield="true" />
      <field displayname="Bandeira" name="cielo_brandcode" type="entityreference" lookupType="cielo_brand" customfield="true" />
      <field displayname="Código da Empresa" name="cielo_companycode" type="string" customfield="true" />
      <field displayname="Código do Grupo de Produtos" name="cielo_productgroupcode" type="string" customfield="true" />
      <field displayname="Código do Produto" name="cielo_productcode" type="string" customfield="true" />
      <field displayname="Created By" name="createdby" type="entityreference" lookupType="systemuser" />
      <field displayname="Created By (Delegate)" name="createdonbehalfby" type="entityreference" lookupType="systemuser" />
      <field displayname="Created On" name="createdon" type="datetime" />
      <field displayname="Currency" name="transactioncurrencyid" type="entityreference" lookupType="transactioncurrency" />
      <field displayname="Data de Habilitação" name="cielo_productactivationdate" type="datetime" customfield="true" />
      <field displayname="Data Prevista para Solução" name="cielo_expectedresolutiondate" type="datetime" customfield="true" />
      <field displayname="Exchange Rate" name="exchangerate" type="decimal" />
      <field displayname="Faturamento Atual Acumulado" name="cielo_currentrevenueaccumulatedvalue" type="money" customfield="true" />
      <field displayname="Faturamento Atual Acumulado (Base)" name="cielo_currentrevenueaccumulatedvalue_base" type="money" customfield="true" />
      <field displayname="Fim da Vigência" name="cielo_enddate" type="datetime" customfield="true" />
      <field displayname="Grupo do Produto" name="cielo_productgroupname" type="string" customfield="true" />
      <field displayname="Habilitado para Venda Digitada" name="cielo_typedsaleindicator" type="bool" customfield="true" />
      <field displayname="ID da Solicitação" name="cielo_productrequestlegacycode" type="string" customfield="true" />
      <field displayname="Import Sequence Number" name="importsequencenumber" type="number" />
      <field displayname="Início da Vigência" name="cielo_startdate" type="datetime" customfield="true" />
      <field displayname="MCC" name="cielo_branchactivitycode" type="entityreference" lookupType="cielo_branchofactivity" customfield="true" />
      <field displayname="Mensagem de retorno do legado" name="cielo_messagereturnlegacydescription" type="string" customfield="true" />
      <field displayname="Modified By" name="modifiedby" type="entityreference" lookupType="systemuser" />
      <field displayname="Modified By (Delegate)" name="modifiedonbehalfby" type="entityreference" lookupType="systemuser" />
      <field displayname="Modified On" name="modifiedon" type="datetime" />
      <field displayname="Motivo da Solicitação" name="cielo_requestreasoncode" type="entityreference" lookupType="cielo_requestreason" customfield="true" />
      <field displayname="Name" name="cielo_name" type="string" customfield="true" />
      <field displayname="Nome da Empresa" name="cielo_companyname" type="string" customfield="true" />
      <field displayname="Número de cadastro na Empresa" name="cielo_companycustomernumber" type="string" customfield="true" />
      <field displayname="Ocorrência" name="cielo_caseid" type="entityreference" lookupType="incident" customfield="true" />
      <field displayname="Owner" name="ownerid" type="owner" />
      <field displayname="Owning Business Unit" name="owningbusinessunit" type="entityreference" lookupType="businessunit" />
      <field displayname="Owning Team" name="owningteam" type="entityreference" lookupType="team" />
      <field displayname="Owning User" name="owninguser" type="entityreference" lookupType="systemuser" />
      <field displayname="Percentual de Desconto" name="cielo_discountpercentage" type="decimal" customfield="true" />
      <field displayname="Prazo de Pagamento" name="cielo_numberdaysproductpayment" type="number" customfield="true" />
      <field displayname="Prazo de Recebimento Prazo flexível" name="cielo_numberdaysflexibletermreceipt" type="number" customfield="true" />
      <field displayname="Produto" name="cielo_productname" type="string" customfield="true" />
      <field displayname="Proposta do Concorrente" name="cielo_competingoffervalue" type="decimal" customfield="true" />
      <field displayname="Quantidade de Parcelas" name="cielo_parcelquantity" type="number" customfield="true" />
      <field displayname="Quantidade Máxima de Parcelas" name="cielo_maximumnumberparcel" type="number" customfield="true" />
      <field displayname="Razão do Status" name="statuscode" type="status" />
      <field displayname="Record Created On" name="overriddencreatedon" type="datetime" />
      <field displayname="Solicitação de Produto" name="cielo_productrequestid" type="guid" primaryKey="true" />
      <field displayname="Status da Solicitação" name="statecode" type="state" />
      <field displayname="Tarifa para Item" name="cielo_itemratepercentage" type="decimal" customfield="true" />
      <field displayname="Taxa Contratada" name="cielo_contractedratepercentage" type="decimal" customfield="true" />
      <field displayname="Taxa de Matriz" name="cielo_matrixratepercentage" type="decimal" customfield="true" />
      <field displayname="Taxa de Tabela" name="cielo_tableratepercentage" type="decimal" customfield="true" />
      <field displayname="Taxa Máxima" name="cielo_maximumratepercentage" type="decimal" customfield="true" />
      <field displayname="Taxa MEI" name="cielo_meiratepercentage" type="decimal" customfield="true" />
      <field displayname="Taxa Mínima" name="cielo_leastratepercentage" type="decimal" customfield="true" />
      <field displayname="Taxa Prazo Flexível" name="cielo_flexibletermratepercentage" type="decimal" customfield="true" />
      <field displayname="Time Zone Rule Version Number" name="timezoneruleversionnumber" type="number" />
      <field displayname="Tipo de Cadeia" name="cielo_chaintypecode" type="string" customfield="true" />
      <field displayname="Tipo de Cobrança" name="cielo_chargetypecode" type="optionsetvalue" customfield="true" />
      <field displayname="Tipo de Solicitação" name="cielo_requestparametrizationcode" type="entityreference" lookupType="cielo_requestparameterization" customfield="true" />
      <field displayname="UTC Conversion Time Zone Code" name="utcconversiontimezonecode" type="number" />
      <field displayname="Utilizado nos últimos 30 dias" name="cielo_transactionlastmonthindicator" type="bool" customfield="true" />
    </fields>
    <relationships />
  </entity>
  <entity name="subject" displayname="Subject" etc="129" primaryidfield="subjectid" primarynamefield="title" disableplugins="false">
    <fields>
      <field displayname="Created By (Delegate)" name="createdonbehalfby" type="entityreference" lookupType="systemuser" />
      <field displayname="Description" name="description" type="string" />
      <field displayname="Feature Mask" name="featuremask" type="number" />
      <field displayname="Import Sequence Number" name="importsequencenumber" type="number" />
      <field displayname="Modified By (Delegate)" name="modifiedonbehalfby" type="entityreference" lookupType="systemuser" />
      <field displayname="Parent Subject" name="parentsubject" type="entityreference" lookupType="subject" />
      <field displayname="Record Created On" name="overriddencreatedon" type="datetime" />
      <field displayname="Subject" name="subjectid" type="guid" primaryKey="true" />
      <field displayname="Title" name="title" type="string" />
    </fields>
    <relationships />
  </entity>
  <entity name="team" displayname="Team" etc="9" primaryidfield="teamid" primarynamefield="name" disableplugins="false">
    <fields>
      <field displayname="Administrator" name="administratorid" type="entityreference" lookupType="systemuser" />
      <field displayname="Agent Group Code" name="cielo_teamagentgroupcode" type="number" customfield="true" />
      <field displayname="Agent Group Code Not in Use" name="cielo_agentgroupcode" type="string" customfield="true" />
      <field displayname="Business Unit" name="businessunitid" type="entityreference" lookupType="businessunit" />
      <field displayname="Created By" name="createdby" type="entityreference" lookupType="systemuser" />
      <field displayname="Created By (Delegate)" name="createdonbehalfby" type="entityreference" lookupType="systemuser" />
      <field displayname="Created On" name="createdon" type="datetime" />
      <field displayname="Currency" name="transactioncurrencyid" type="entityreference" lookupType="transactioncurrency" />
      <field displayname="Default Queue" name="queueid" type="entityreference" lookupType="queue" />
      <field displayname="Description" name="description" type="string" />
      <field displayname="Email" name="emailaddress" type="string" />
      <field displayname="Exchange Rate" name="exchangerate" type="decimal" />
      <field displayname="Import Sequence Number" name="importsequencenumber" type="number" />
      <field displayname="Is an Agent Group?" name="cielo_isagentgroup" type="bool" customfield="true" />
      <field displayname="Is Default" name="isdefault" type="bool" />
      <field displayname="Is System Managed" name="systemmanaged" type="bool" />
      <field displayname="Modified By" name="modifiedby" type="entityreference" lookupType="systemuser" />
      <field displayname="Modified By (Delegate)" name="modifiedonbehalfby" type="entityreference" lookupType="systemuser" />
      <field displayname="Modified On" name="modifiedon" type="datetime" />
      <field displayname="Process" name="processid" type="guid" />
      <field displayname="Process Stage" name="stageid" type="guid" />
      <field displayname="Record Created On" name="overriddencreatedon" type="datetime" />
      <field displayname="Team" name="teamid" type="guid" primaryKey="true" />
      <field displayname="Team Name" name="name" type="string" />
      <field displayname="Team Template Identifier" name="teamtemplateid" type="entityreference" lookupType="teamtemplate" />
      <field displayname="Team Type" name="teamtype" type="optionsetvalue" />
      <field displayname="Yomi Name" name="yominame" type="string" />
    </fields>
    <relationships>
      <relationship name="teamroles" manyToMany="true" isreflexive="false" relatedEntityName="teamroles" m2mTargetEntity="role" m2mTargetEntityPrimaryKey="roleid" />
      <relationship name="teammembership" manyToMany="true" isreflexive="false" relatedEntityName="teammembership" m2mTargetEntity="systemuser" m2mTargetEntityPrimaryKey="systemuserid" />
      <relationship name="teamprofiles" manyToMany="true" isreflexive="false" relatedEntityName="teamprofiles" m2mTargetEntity="fieldsecurityprofile" m2mTargetEntityPrimaryKey="fieldsecurityprofileid" />
    </relationships>
  </entity>
</entities>