<ImportExportXml version="6.1.0002.0112" SolutionPackageVersion="6.1" languagecode="1033" generatedBy="OnPremise" xmlns:xsi="http://www.w3.org/2001/XMLSchema-instance">
  <SolutionManifest>
    <UniqueName>R3WP2</UniqueName>
    <LocalizedNames>
      <LocalizedName description="R3WP2" languagecode="1033" />
    </LocalizedNames>
    <Descriptions />
    <Version>1.0.3.020715</Version>
    <Managed>0</Managed>
    <Publisher>
      <UniqueName>DefaultPublisherR1</UniqueName>
      <LocalizedNames>
        <LocalizedName description="Configuration Master" languagecode="1033" />
      </LocalizedNames>
      <Descriptions>
        <Description description="Default publisher for this organization" languagecode="1033" />
      </Descriptions>
      <EMailAddress xsi:nil="true"></EMailAddress>
      <SupportingWebsiteUrl xsi:nil="true"></SupportingWebsiteUrl>
      <CustomizationPrefix>cielo</CustomizationPrefix>
      <CustomizationOptionValuePrefix>79188</CustomizationOptionValuePrefix>
      <Addresses>
        <Address>
          <AddressNumber>1</AddressNumber>
          <AddressTypeCode xsi:nil="true"></AddressTypeCode>
          <City xsi:nil="true"></City>
          <County xsi:nil="true"></County>
          <Country xsi:nil="true"></Country>
          <Fax xsi:nil="true"></Fax>
          <FreightTermsCode xsi:nil="true"></FreightTermsCode>
          <ImportSequenceNumber xsi:nil="true"></ImportSequenceNumber>
          <Latitude xsi:nil="true"></Latitude>
          <Line1 xsi:nil="true"></Line1>
          <Line2 xsi:nil="true"></Line2>
          <Line3 xsi:nil="true"></Line3>
          <Longitude xsi:nil="true"></Longitude>
          <Name xsi:nil="true"></Name>
          <PostalCode xsi:nil="true"></PostalCode>
          <PostOfficeBox xsi:nil="true"></PostOfficeBox>
          <PrimaryContactName xsi:nil="true"></PrimaryContactName>
          <ShippingMethodCode xsi:nil="true"></ShippingMethodCode>
          <StateOrProvince xsi:nil="true"></StateOrProvince>
          <Telephone1 xsi:nil="true"></Telephone1>
          <Telephone2 xsi:nil="true"></Telephone2>
          <Telephone3 xsi:nil="true"></Telephone3>
          <TimeZoneRuleVersionNumber xsi:nil="true"></TimeZoneRuleVersionNumber>
          <UPSZone xsi:nil="true"></UPSZone>
          <UTCOffset xsi:nil="true"></UTCOffset>
          <UTCConversionTimeZoneCode xsi:nil="true"></UTCConversionTimeZoneCode>
        </Address>
        <Address>
          <AddressNumber>2</AddressNumber>
          <AddressTypeCode xsi:nil="true"></AddressTypeCode>
          <City xsi:nil="true"></City>
          <County xsi:nil="true"></County>
          <Country xsi:nil="true"></Country>
          <Fax xsi:nil="true"></Fax>
          <FreightTermsCode xsi:nil="true"></FreightTermsCode>
          <ImportSequenceNumber xsi:nil="true"></ImportSequenceNumber>
          <Latitude xsi:nil="true"></Latitude>
          <Line1 xsi:nil="true"></Line1>
          <Line2 xsi:nil="true"></Line2>
          <Line3 xsi:nil="true"></Line3>
          <Longitude xsi:nil="true"></Longitude>
          <Name xsi:nil="true"></Name>
          <PostalCode xsi:nil="true"></PostalCode>
          <PostOfficeBox xsi:nil="true"></PostOfficeBox>
          <PrimaryContactName xsi:nil="true"></PrimaryContactName>
          <ShippingMethodCode xsi:nil="true"></ShippingMethodCode>
          <StateOrProvince xsi:nil="true"></StateOrProvince>
          <Telephone1 xsi:nil="true"></Telephone1>
          <Telephone2 xsi:nil="true"></Telephone2>
          <Telephone3 xsi:nil="true"></Telephone3>
          <TimeZoneRuleVersionNumber xsi:nil="true"></TimeZoneRuleVersionNumber>
          <UPSZone xsi:nil="true"></UPSZone>
          <UTCOffset xsi:nil="true"></UTCOffset>
          <UTCConversionTimeZoneCode xsi:nil="true"></UTCConversionTimeZoneCode>
        </Address>
      </Addresses>
    </Publisher>
    <RootComponents>
      <RootComponent type="1" schemaName="cielo_branchofactivity" />
      <RootComponent type="1" schemaName="cielo_brand" />
      <RootComponent type="1" schemaName="cielo_commercialestablishment" />
      <RootComponent type="1" schemaName="cielo_discountraterestriction" />
      <RootComponent type="1" schemaName="cielo_productrequest" />
      <RootComponent type="1" schemaName="cielo_requestparameterization" />
      <RootComponent type="1" schemaName="cielo_requestproduct" />
      <RootComponent type="1" schemaName="cielo_requestreason" />
      <RootComponent type="1" schemaName="cielo_segmentedparcelledrange" />
      <RootComponent type="1" schemaName="cielo_servicerequest" />
      <RootComponent type="1" schemaName="incident" />
      <RootComponent type="1" schemaName="subject" />
      <RootComponent type="1" schemaName="team" />
      <RootComponent type="20" id="{2a753049-efa2-e411-81fb-001dd8b83d87}" />
      <RootComponent type="20" id="{44b9afe3-1fa6-e411-81fc-001dd8b83d87}" />
      <RootComponent type="20" id="{6ed8b061-2aa6-e411-81fc-001dd8b83d87}" />
      <RootComponent type="20" id="{7e110ce9-2ba6-e411-81fc-001dd8b83d87}" />
      <RootComponent type="20" id="{9d2c4c2d-29a6-e411-81fc-001dd8b83d87}" />
      <RootComponent type="20" id="{dc4c5887-22a6-e411-81fc-001dd8b83d87}" />
      <RootComponent type="20" id="{e3f65703-22a6-e411-81fc-001dd8b83d87}" />
      <RootComponent type="20" id="{f3cd039c-fe20-e511-80d7-000d3ac008a9}" />
    </RootComponents>
    <MissingDependencies>
      <MissingDependency>
        <Required key="0" type="1" schemaName="cielo_statusofoperation" displayName="Status of Operation" solution="Active" />
        <Dependent key="1" type="10" schemaName="cielo_statusofoperation_commercialestablishment" displayName="cielo_statusofoperation_commercialestablishment" parentSchemaName="cielo_commercialestablishment" parentDisplayName="Commercial Establishment" />
      </MissingDependency>
      <MissingDependency>
        <Required key="2" type="1" schemaName="cielo_hoursofoperation" displayName="Hours of Operation" solution="Active" />
        <Dependent key="3" type="10" schemaName="cielo_hoursofoperation_commercialestablishment" displayName="cielo_hoursofoperation_commercialestablishment" parentSchemaName="cielo_commercialestablishment" parentDisplayName="Commercial Establishment" />
      </MissingDependency>
      <MissingDependency>
        <Required key="4" type="1" schemaName="cielo_logicalterminal" displayName="Logical Terminal" solution="Active" />
        <Dependent key="5" type="60" displayName="Information" parentDisplayName="Commercial Establishment" id="{87c0fae6-7bb3-4684-aa98-54e935a8b6fa}" />
      </MissingDependency>
      <MissingDependency>
        <Required key="4" type="1" schemaName="cielo_logicalterminal" displayName="Logical Terminal" solution="Active" />
        <Dependent key="6" type="60" displayName="Telesales – Commercial Establishment" parentDisplayName="Commercial Establishment" id="{26d76687-b0c2-46b2-bc4f-66cea7e3ffc0}" />
      </MissingDependency>
      <MissingDependency>
        <Required key="7" type="1" schemaName="cielo_anticipationcategory" displayName="Anticipation Category" solution="Active" />
        <Dependent key="8" type="10" schemaName="cielo_anticipationcategory_commercialestablishment" displayName="cielo_anticipationcategory_commercialestablishment" parentSchemaName="cielo_commercialestablishment" parentDisplayName="Commercial Establishment" />
      </MissingDependency>
      <MissingDependency>
        <Required key="9" type="1" schemaName="cielo_bankaccountinformation" displayName="Bank Account Information" solution="Active" />
        <Dependent key="6" type="60" displayName="Telesales – Commercial Establishment" parentDisplayName="Commercial Establishment" id="{26d76687-b0c2-46b2-bc4f-66cea7e3ffc0}" />
      </MissingDependency>
      <MissingDependency>
        <Required key="9" type="1" schemaName="cielo_bankaccountinformation" displayName="Bank Account Information" solution="Active" />
        <Dependent key="5" type="60" displayName="Information" parentDisplayName="Commercial Establishment" id="{87c0fae6-7bb3-4684-aa98-54e935a8b6fa}" />
      </MissingDependency>
      <MissingDependency>
        <Required key="10" type="1" schemaName="cielo_activitystatus" displayName="Activity Status" solution="Active" />
        <Dependent key="11" type="10" schemaName="cielo_activitystatus_commercialestablishment" displayName="cielo_activitystatus_commercialestablishment" parentSchemaName="cielo_commercialestablishment" parentDisplayName="Commercial Establishment" />
      </MissingDependency>
      <MissingDependency>
        <Required key="12" type="1" schemaName="cielo_closurereason" displayName="Closure Reason" solution="Active" />
        <Dependent key="13" type="10" schemaName="cielo_closurereason_commercialestablishment" displayName="cielo_closurereason_commercialestablishment" parentSchemaName="cielo_commercialestablishment" parentDisplayName="Commercial Establishment" />
      </MissingDependency>
      <MissingDependency>
        <Required key="14" type="1" schemaName="cielo_address" displayName="Address" solution="Active" />
        <Dependent key="6" type="60" displayName="Telesales – Commercial Establishment" parentDisplayName="Commercial Establishment" id="{26d76687-b0c2-46b2-bc4f-66cea7e3ffc0}" />
      </MissingDependency>
      <MissingDependency>
        <Required key="14" type="1" schemaName="cielo_address" displayName="Address" solution="Active" />
        <Dependent key="5" type="60" displayName="Information" parentDisplayName="Commercial Establishment" id="{87c0fae6-7bb3-4684-aa98-54e935a8b6fa}" />
      </MissingDependency>
      <MissingDependency>
        <Required key="15" type="1" schemaName="cielo_virtualmanagerportfolio" displayName="Virtual Manager Portfolio" solution="Active" />
        <Dependent key="16" type="26" schemaName="My Customer Portfolio" displayName="My Customer Portfolio" parentSchemaName="cielo_commercialestablishment" parentDisplayName="Commercial Establishment" id="{f19f6940-e1a2-e411-81fb-001dd8b83d87}" />
      </MissingDependency>
      <MissingDependency>
        <Required key="15" type="1" schemaName="cielo_virtualmanagerportfolio" displayName="Virtual Manager Portfolio" solution="Active" />
        <Dependent key="17" type="10" schemaName="cielo_virtualmanagerportfolio_commercialestablishment" displayName="cielo_virtualmanagerportfolio_commercialestablishment" parentSchemaName="cielo_commercialestablishment" parentDisplayName="Commercial Establishment" />
      </MissingDependency>
      <MissingDependency>
        <Required key="18" type="2" schemaName="cielo_name" displayName="Activity Status Name" parentSchemaName="cielo_activitystatus" parentDisplayName="Activity Status" solution="Active" />
        <Dependent key="11" type="10" schemaName="cielo_activitystatus_commercialestablishment" displayName="cielo_activitystatus_commercialestablishment" parentSchemaName="cielo_commercialestablishment" parentDisplayName="Commercial Establishment" />
      </MissingDependency>
      <MissingDependency>
        <Required key="18" type="2" schemaName="cielo_name" displayName="Activity Status Name" parentSchemaName="cielo_activitystatus" parentDisplayName="Activity Status" solution="Active" />
        <Dependent key="11" type="10" schemaName="cielo_activitystatus_commercialestablishment" displayName="cielo_activitystatus_commercialestablishment" parentSchemaName="cielo_commercialestablishment" parentDisplayName="Commercial Establishment" />
      </MissingDependency>
      <MissingDependency>
        <Required key="19" type="2" schemaName="cielo_virtualmanagerportfolioid" displayName="Virtual Manager Portfolio" parentSchemaName="cielo_virtualmanagerportfolio" parentDisplayName="Virtual Manager Portfolio" solution="Active" />
        <Dependent key="16" type="26" schemaName="My Customer Portfolio" displayName="My Customer Portfolio" parentSchemaName="cielo_commercialestablishment" parentDisplayName="Commercial Establishment" id="{f19f6940-e1a2-e411-81fb-001dd8b83d87}" />
      </MissingDependency>
      <MissingDependency>
        <Required key="19" type="2" schemaName="cielo_virtualmanagerportfolioid" displayName="Virtual Manager Portfolio" parentSchemaName="cielo_virtualmanagerportfolio" parentDisplayName="Virtual Manager Portfolio" solution="Active" />
        <Dependent key="17" type="10" schemaName="cielo_virtualmanagerportfolio_commercialestablishment" displayName="cielo_virtualmanagerportfolio_commercialestablishment" parentSchemaName="cielo_commercialestablishment" parentDisplayName="Commercial Establishment" />
      </MissingDependency>
      <MissingDependency>
        <Required key="20" type="2" schemaName="cielo_activitystatusid" displayName="Activity Status" parentSchemaName="cielo_activitystatus" parentDisplayName="Activity Status" solution="Active" />
        <Dependent key="11" type="10" schemaName="cielo_activitystatus_commercialestablishment" displayName="cielo_activitystatus_commercialestablishment" parentSchemaName="cielo_commercialestablishment" parentDisplayName="Commercial Establishment" />
      </MissingDependency>
      <MissingDependency>
        <Required key="21" type="2" schemaName="cielo_hoursofoperationid" displayName="Hours of Operation" parentSchemaName="cielo_hoursofoperation" parentDisplayName="Hours of Operation" solution="Active" />
        <Dependent key="3" type="10" schemaName="cielo_hoursofoperation_commercialestablishment" displayName="cielo_hoursofoperation_commercialestablishment" parentSchemaName="cielo_commercialestablishment" parentDisplayName="Commercial Establishment" />
      </MissingDependency>
      <MissingDependency>
        <Required key="22" type="2" schemaName="cielo_name" displayName="Status of Operation" parentSchemaName="cielo_statusofoperation" parentDisplayName="Status of Operation" solution="Active" />
        <Dependent key="1" type="10" schemaName="cielo_statusofoperation_commercialestablishment" displayName="cielo_statusofoperation_commercialestablishment" parentSchemaName="cielo_commercialestablishment" parentDisplayName="Commercial Establishment" />
      </MissingDependency>
      <MissingDependency>
        <Required key="22" type="2" schemaName="cielo_name" displayName="Status of Operation" parentSchemaName="cielo_statusofoperation" parentDisplayName="Status of Operation" solution="Active" />
        <Dependent key="1" type="10" schemaName="cielo_statusofoperation_commercialestablishment" displayName="cielo_statusofoperation_commercialestablishment" parentSchemaName="cielo_commercialestablishment" parentDisplayName="Commercial Establishment" />
      </MissingDependency>
      <MissingDependency>
        <Required key="23" type="2" schemaName="cielo_anticipationcategoryid" displayName="Anticipation Category" parentSchemaName="cielo_anticipationcategory" parentDisplayName="Anticipation Category" solution="Active" />
        <Dependent key="8" type="10" schemaName="cielo_anticipationcategory_commercialestablishment" displayName="cielo_anticipationcategory_commercialestablishment" parentSchemaName="cielo_commercialestablishment" parentDisplayName="Commercial Establishment" />
      </MissingDependency>
      <MissingDependency>
        <Required key="24" type="2" schemaName="cielo_name" displayName="Hour of Operation" parentSchemaName="cielo_hoursofoperation" parentDisplayName="Hours of Operation" solution="Active" />
        <Dependent key="3" type="10" schemaName="cielo_hoursofoperation_commercialestablishment" displayName="cielo_hoursofoperation_commercialestablishment" parentSchemaName="cielo_commercialestablishment" parentDisplayName="Commercial Establishment" />
      </MissingDependency>
      <MissingDependency>
        <Required key="24" type="2" schemaName="cielo_name" displayName="Hour of Operation" parentSchemaName="cielo_hoursofoperation" parentDisplayName="Hours of Operation" solution="Active" />
        <Dependent key="3" type="10" schemaName="cielo_hoursofoperation_commercialestablishment" displayName="cielo_hoursofoperation_commercialestablishment" parentSchemaName="cielo_commercialestablishment" parentDisplayName="Commercial Establishment" />
      </MissingDependency>
      <MissingDependency>
        <Required key="25" type="2" schemaName="cielo_virtualmanagerportfoliocode" displayName="Virtual Manager Portfolio" parentSchemaName="cielo_virtualmanagerportfolio" parentDisplayName="Virtual Manager Portfolio" solution="Active" />
        <Dependent key="17" type="10" schemaName="cielo_virtualmanagerportfolio_commercialestablishment" displayName="cielo_virtualmanagerportfolio_commercialestablishment" parentSchemaName="cielo_commercialestablishment" parentDisplayName="Commercial Establishment" />
      </MissingDependency>
      <MissingDependency>
        <Required key="25" type="2" schemaName="cielo_virtualmanagerportfoliocode" displayName="Virtual Manager Portfolio" parentSchemaName="cielo_virtualmanagerportfolio" parentDisplayName="Virtual Manager Portfolio" solution="Active" />
        <Dependent key="17" type="10" schemaName="cielo_virtualmanagerportfolio_commercialestablishment" displayName="cielo_virtualmanagerportfolio_commercialestablishment" parentSchemaName="cielo_commercialestablishment" parentDisplayName="Commercial Establishment" />
      </MissingDependency>
      <MissingDependency>
        <Required key="26" type="2" schemaName="cielo_name" displayName="Anticipation Category" parentSchemaName="cielo_anticipationcategory" parentDisplayName="Anticipation Category" solution="Active" />
        <Dependent key="8" type="10" schemaName="cielo_anticipationcategory_commercialestablishment" displayName="cielo_anticipationcategory_commercialestablishment" parentSchemaName="cielo_commercialestablishment" parentDisplayName="Commercial Establishment" />
      </MissingDependency>
      <MissingDependency>
        <Required key="26" type="2" schemaName="cielo_name" displayName="Anticipation Category" parentSchemaName="cielo_anticipationcategory" parentDisplayName="Anticipation Category" solution="Active" />
        <Dependent key="8" type="10" schemaName="cielo_anticipationcategory_commercialestablishment" displayName="cielo_anticipationcategory_commercialestablishment" parentSchemaName="cielo_commercialestablishment" parentDisplayName="Commercial Establishment" />
      </MissingDependency>
      <MissingDependency>
        <Required key="27" type="2" schemaName="cielo_virtualmanagerid" displayName="Virtual Manager" parentSchemaName="cielo_virtualmanagerportfolio" parentDisplayName="Virtual Manager Portfolio" solution="Active" />
        <Dependent key="16" type="26" schemaName="My Customer Portfolio" displayName="My Customer Portfolio" parentSchemaName="cielo_commercialestablishment" parentDisplayName="Commercial Establishment" id="{f19f6940-e1a2-e411-81fb-001dd8b83d87}" />
      </MissingDependency>
      <MissingDependency>
        <Required key="28" type="2" schemaName="cielo_statusofoperationid" displayName="Status of Operation" parentSchemaName="cielo_statusofoperation" parentDisplayName="Status of Operation" solution="Active" />
        <Dependent key="1" type="10" schemaName="cielo_statusofoperation_commercialestablishment" displayName="cielo_statusofoperation_commercialestablishment" parentSchemaName="cielo_commercialestablishment" parentDisplayName="Commercial Establishment" />
      </MissingDependency>
      <MissingDependency>
        <Required key="29" type="2" schemaName="cielo_closurereasonid" displayName="Closure Reason" parentSchemaName="cielo_closurereason" parentDisplayName="Closure Reason" solution="Active" />
        <Dependent key="13" type="10" schemaName="cielo_closurereason_commercialestablishment" displayName="cielo_closurereason_commercialestablishment" parentSchemaName="cielo_commercialestablishment" parentDisplayName="Commercial Establishment" />
      </MissingDependency>
      <MissingDependency>
        <Required key="30" type="2" schemaName="cielo_name" displayName="Closure Reason" parentSchemaName="cielo_closurereason" parentDisplayName="Closure Reason" solution="Active" />
        <Dependent key="13" type="10" schemaName="cielo_closurereason_commercialestablishment" displayName="cielo_closurereason_commercialestablishment" parentSchemaName="cielo_commercialestablishment" parentDisplayName="Commercial Establishment" />
      </MissingDependency>
      <MissingDependency>
        <Required key="30" type="2" schemaName="cielo_name" displayName="Closure Reason" parentSchemaName="cielo_closurereason" parentDisplayName="Closure Reason" solution="Active" />
        <Dependent key="13" type="10" schemaName="cielo_closurereason_commercialestablishment" displayName="cielo_closurereason_commercialestablishment" parentSchemaName="cielo_commercialestablishment" parentDisplayName="Commercial Establishment" />
      </MissingDependency>
      <MissingDependency>
        <Required key="31" type="10" schemaName="cielo_commercialestablishment_contact" displayName="cielo_commercialestablishment_contact" parentSchemaName="contact" parentDisplayName="Contact" solution="Active" />
        <Dependent key="6" type="60" displayName="Telesales – Commercial Establishment" parentDisplayName="Commercial Establishment" id="{26d76687-b0c2-46b2-bc4f-66cea7e3ffc0}" />
      </MissingDependency>
      <MissingDependency>
        <Required key="31" type="10" schemaName="cielo_commercialestablishment_contact" displayName="cielo_commercialestablishment_contact" parentSchemaName="contact" parentDisplayName="Contact" solution="Active" />
        <Dependent key="5" type="60" displayName="Information" parentDisplayName="Commercial Establishment" id="{87c0fae6-7bb3-4684-aa98-54e935a8b6fa}" />
      </MissingDependency>
      <MissingDependency>
        <Required key="32" type="10" schemaName="cielo_commercialestablishment_customaddress" displayName="cielo_commercialestablishment_customaddress" parentSchemaName="cielo_address" parentDisplayName="Address" solution="Active" />
        <Dependent key="5" type="60" displayName="Information" parentDisplayName="Commercial Establishment" id="{87c0fae6-7bb3-4684-aa98-54e935a8b6fa}" />
      </MissingDependency>
      <MissingDependency>
        <Required key="32" type="10" schemaName="cielo_commercialestablishment_customaddress" displayName="cielo_commercialestablishment_customaddress" parentSchemaName="cielo_address" parentDisplayName="Address" solution="Active" />
        <Dependent key="6" type="60" displayName="Telesales – Commercial Establishment" parentDisplayName="Commercial Establishment" id="{26d76687-b0c2-46b2-bc4f-66cea7e3ffc0}" />
      </MissingDependency>
      <MissingDependency>
        <Required key="33" type="10" schemaName="cielo_commercialestablishment_logicalterminal" displayName="cielo_commercialestablishment_logicalterminal" parentSchemaName="cielo_logicalterminal" parentDisplayName="Logical Terminal" solution="Active" />
        <Dependent key="5" type="60" displayName="Information" parentDisplayName="Commercial Establishment" id="{87c0fae6-7bb3-4684-aa98-54e935a8b6fa}" />
      </MissingDependency>
      <MissingDependency>
        <Required key="33" type="10" schemaName="cielo_commercialestablishment_logicalterminal" displayName="cielo_commercialestablishment_logicalterminal" parentSchemaName="cielo_logicalterminal" parentDisplayName="Logical Terminal" solution="Active" />
        <Dependent key="6" type="60" displayName="Telesales – Commercial Establishment" parentDisplayName="Commercial Establishment" id="{26d76687-b0c2-46b2-bc4f-66cea7e3ffc0}" />
      </MissingDependency>
      <MissingDependency>
        <Required key="34" type="10" schemaName="cielo_commercialestablishment_bankaccountinfo" displayName="cielo_commercialestablishment_bankaccountinfo" parentSchemaName="cielo_bankaccountinformation" parentDisplayName="Bank Account Information" solution="Active" />
        <Dependent key="6" type="60" displayName="Telesales – Commercial Establishment" parentDisplayName="Commercial Establishment" id="{26d76687-b0c2-46b2-bc4f-66cea7e3ffc0}" />
      </MissingDependency>
      <MissingDependency>
        <Required key="34" type="10" schemaName="cielo_commercialestablishment_bankaccountinfo" displayName="cielo_commercialestablishment_bankaccountinfo" parentSchemaName="cielo_bankaccountinformation" parentDisplayName="Bank Account Information" solution="Active" />
        <Dependent key="5" type="60" displayName="Information" parentDisplayName="Commercial Establishment" id="{87c0fae6-7bb3-4684-aa98-54e935a8b6fa}" />
      </MissingDependency>
      <MissingDependency>
        <Required key="0" type="1" schemaName="cielo_statusofoperation" displayName="Status of Operation" solution="Active" />
        <Dependent key="1" type="10" schemaName="cielo_statusofoperation_commercialestablishment" displayName="cielo_statusofoperation_commercialestablishment" parentSchemaName="cielo_commercialestablishment" parentDisplayName="Commercial Establishment" />
      </MissingDependency>
      <MissingDependency>
        <Required key="10" type="1" schemaName="cielo_activitystatus" displayName="Activity Status" solution="Active" />
        <Dependent key="11" type="10" schemaName="cielo_activitystatus_commercialestablishment" displayName="cielo_activitystatus_commercialestablishment" parentSchemaName="cielo_commercialestablishment" parentDisplayName="Commercial Establishment" />
      </MissingDependency>
      <MissingDependency>
        <Required key="15" type="1" schemaName="cielo_virtualmanagerportfolio" displayName="Virtual Manager Portfolio" solution="Active" />
        <Dependent key="17" type="10" schemaName="cielo_virtualmanagerportfolio_commercialestablishment" displayName="cielo_virtualmanagerportfolio_commercialestablishment" parentSchemaName="cielo_commercialestablishment" parentDisplayName="Commercial Establishment" />
      </MissingDependency>
      <MissingDependency>
        <Required key="2" type="1" schemaName="cielo_hoursofoperation" displayName="Hours of Operation" solution="Active" />
        <Dependent key="3" type="10" schemaName="cielo_hoursofoperation_commercialestablishment" displayName="cielo_hoursofoperation_commercialestablishment" parentSchemaName="cielo_commercialestablishment" parentDisplayName="Commercial Establishment" />
      </MissingDependency>
      <MissingDependency>
        <Required key="12" type="1" schemaName="cielo_closurereason" displayName="Closure Reason" solution="Active" />
        <Dependent key="13" type="10" schemaName="cielo_closurereason_commercialestablishment" displayName="cielo_closurereason_commercialestablishment" parentSchemaName="cielo_commercialestablishment" parentDisplayName="Commercial Establishment" />
      </MissingDependency>
      <MissingDependency>
        <Required key="7" type="1" schemaName="cielo_anticipationcategory" displayName="Anticipation Category" solution="Active" />
        <Dependent key="8" type="10" schemaName="cielo_anticipationcategory_commercialestablishment" displayName="cielo_anticipationcategory_commercialestablishment" parentSchemaName="cielo_commercialestablishment" parentDisplayName="Commercial Establishment" />
      </MissingDependency>
      <MissingDependency>
        <Required key="35" type="1" schemaName="kbarticle" displayName="Article" solution="System" />
        <Dependent key="36" type="10" schemaName="cielo_kbarticle_team" displayName="cielo_kbarticle_team" parentSchemaName="kbarticle" parentDisplayName="Article" />
      </MissingDependency>
      <MissingDependency>
        <Required key="37" type="1" schemaName="account" displayName="Customer" solution="System" />
        <Dependent key="38" type="10" schemaName="cielo_account_commercialestablishment" displayName="cielo_account_commercialestablishment" parentSchemaName="cielo_commercialestablishment" parentDisplayName="Commercial Establishment" />
      </MissingDependency>
      <MissingDependency>
        <Required key="39" type="20" displayName="System Customizer" solution="System" id="{0c0cef3a-000f-e511-80c0-00155d0ef405}" parentId="{119f245c-3cc8-4b62-b31c-d1a046ced15d}" />
        <Dependent key="5" type="60" displayName="Information" parentDisplayName="Commercial Establishment" id="{87c0fae6-7bb3-4684-aa98-54e935a8b6fa}" />
      </MissingDependency>
      <MissingDependency>
        <Required key="39" type="20" displayName="System Customizer" solution="System" id="{0c0cef3a-000f-e511-80c0-00155d0ef405}" parentId="{119f245c-3cc8-4b62-b31c-d1a046ced15d}" />
        <Dependent key="6" type="60" displayName="Telesales – Commercial Establishment" parentDisplayName="Commercial Establishment" id="{26d76687-b0c2-46b2-bc4f-66cea7e3ffc0}" />
      </MissingDependency>
      <MissingDependency>
        <Required key="40" type="20" displayName="Delegate" solution="System" id="{1d02ef3a-000f-e511-80c0-00155d0ef405}" parentId="{d892cc0b-28c7-4e88-bd92-72f2c366baed}" />
        <Dependent key="5" type="60" displayName="Information" parentDisplayName="Commercial Establishment" id="{87c0fae6-7bb3-4684-aa98-54e935a8b6fa}" />
      </MissingDependency>
      <MissingDependency>
        <Required key="41" type="20" displayName="Schedule Manager" solution="System" id="{4705ef3a-000f-e511-80c0-00155d0ef405}" parentId="{debec338-bca7-4882-ae04-84e6ddda2984}" />
        <Dependent key="5" type="60" displayName="Information" parentDisplayName="Commercial Establishment" id="{87c0fae6-7bb3-4684-aa98-54e935a8b6fa}" />
      </MissingDependency>
      <MissingDependency>
        <Required key="42" type="20" displayName="Vice President of Marketing" solution="System" id="{c2fdee3a-000f-e511-80c0-00155d0ef405}" parentId="{6caba073-59a8-4d6b-8e7b-4ccb50c5166b}" />
        <Dependent key="5" type="60" displayName="Information" parentDisplayName="Commercial Establishment" id="{87c0fae6-7bb3-4684-aa98-54e935a8b6fa}" />
      </MissingDependency>
      <MissingDependency>
        <Required key="43" type="20" displayName="Marketing Professional" solution="System" id="{e103ef3a-000f-e511-80c0-00155d0ef405}" parentId="{09a25608-d28b-4d47-b57c-79271fe6a525}" />
        <Dependent key="5" type="60" displayName="Information" parentDisplayName="Commercial Establishment" id="{87c0fae6-7bb3-4684-aa98-54e935a8b6fa}" />
      </MissingDependency>
      <MissingDependency>
        <Required key="44" type="20" displayName="Exception Management Administrator" solution="Active" id="{a5e8b1a0-a8a6-e411-81fc-001dd8b83d87}" />
        <Dependent key="5" type="60" displayName="Information" parentDisplayName="Commercial Establishment" id="{87c0fae6-7bb3-4684-aa98-54e935a8b6fa}" />
      </MissingDependency>
      <MissingDependency>
        <Required key="45" type="20" displayName="Marketing Manager" solution="System" id="{ef08ef3a-000f-e511-80c0-00155d0ef405}" parentId="{d9d602db-2761-4170-877f-983494567c08}" />
        <Dependent key="5" type="60" displayName="Information" parentDisplayName="Commercial Establishment" id="{87c0fae6-7bb3-4684-aa98-54e935a8b6fa}" />
      </MissingDependency>
      <MissingDependency>
        <Required key="46" type="20" displayName="UIIAdministrator" solution="UiiForMicrosoftDynamicsCRM2011 (3.0.1.132)" id="{e7e297b4-29e6-de11-811a-00155d289c61}" />
        <Dependent key="5" type="60" displayName="Information" parentDisplayName="Commercial Establishment" id="{87c0fae6-7bb3-4684-aa98-54e935a8b6fa}" />
      </MissingDependency>
      <MissingDependency>
        <Required key="47" type="20" displayName="USD Administrator" solution="DynamicsUnifiedServiceDesk (1.0.1.132)" id="{4caf7657-20ea-e311-aab2-00155d169301}" />
        <Dependent key="5" type="60" displayName="Information" parentDisplayName="Commercial Establishment" id="{87c0fae6-7bb3-4684-aa98-54e935a8b6fa}" />
      </MissingDependency>
      <MissingDependency>
        <Required key="48" type="20" displayName="Salesperson" solution="System" id="{a80aef3a-000f-e511-80c0-00155d0ef405}" parentId="{a4be89ff-7c35-4d69-9900-999c3f603e6f}" />
        <Dependent key="5" type="60" displayName="Information" parentDisplayName="Commercial Establishment" id="{87c0fae6-7bb3-4684-aa98-54e935a8b6fa}" />
      </MissingDependency>
      <MissingDependency>
        <Required key="49" type="20" displayName="CEO-Business Manager" solution="System" id="{8e06ef3a-000f-e511-80c0-00155d0ef405}" parentId="{85937b6b-91a1-46ed-9778-929fc9f61812}" />
        <Dependent key="5" type="60" displayName="Information" parentDisplayName="Commercial Establishment" id="{87c0fae6-7bb3-4684-aa98-54e935a8b6fa}" />
      </MissingDependency>
      <MissingDependency>
        <Required key="50" type="20" displayName="Batch Process Administrator" solution="Active" id="{48fac6a2-2a59-e411-81f7-001dd8b83d87}" />
        <Dependent key="5" type="60" displayName="Information" parentDisplayName="Commercial Establishment" id="{87c0fae6-7bb3-4684-aa98-54e935a8b6fa}" />
      </MissingDependency>
      <MissingDependency>
        <Required key="51" type="20" displayName="Scheduler" solution="System" id="{100eef3a-000f-e511-80c0-00155d0ef405}" parentId="{dcd60b89-421c-44ae-bff0-dd6323df885c}" />
        <Dependent key="5" type="60" displayName="Information" parentDisplayName="Commercial Establishment" id="{87c0fae6-7bb3-4684-aa98-54e935a8b6fa}" />
      </MissingDependency>
      <MissingDependency>
        <Required key="52" type="20" displayName="Sales Manager" solution="System" id="{1f02ef3a-000f-e511-80c0-00155d0ef405}" parentId="{c0ed2f4f-6f92-4691-92ba-78f2931e8fba}" />
        <Dependent key="5" type="60" displayName="Information" parentDisplayName="Commercial Establishment" id="{87c0fae6-7bb3-4684-aa98-54e935a8b6fa}" />
      </MissingDependency>
      <MissingDependency>
        <Required key="53" type="20" displayName="Vice President of Sales" solution="System" id="{e610ef3a-000f-e511-80c0-00155d0ef405}" parentId="{29123793-6ae5-4955-9f1a-f10ceb9705f1}" />
        <Dependent key="5" type="60" displayName="Information" parentDisplayName="Commercial Establishment" id="{87c0fae6-7bb3-4684-aa98-54e935a8b6fa}" />
      </MissingDependency>
      <MissingDependency>
        <Required key="54" type="20" displayName="Customer Service Representative" solution="System" id="{57fcee3a-000f-e511-80c0-00155d0ef405}" parentId="{ecfd0b44-5720-45e3-ae68-417ddb0fb654}" />
        <Dependent key="5" type="60" displayName="Information" parentDisplayName="Commercial Establishment" id="{87c0fae6-7bb3-4684-aa98-54e935a8b6fa}" />
      </MissingDependency>
      <MissingDependency>
        <Required key="55" type="20" displayName="CSR Manager" solution="System" id="{320fef3a-000f-e511-80c0-00155d0ef405}" parentId="{1808b939-dd07-4ca7-aa99-ddd2734378f1}" />
        <Dependent key="5" type="60" displayName="Information" parentDisplayName="Commercial Establishment" id="{87c0fae6-7bb3-4684-aa98-54e935a8b6fa}" />
      </MissingDependency>
      <MissingDependency>
        <Required key="56" type="20" displayName="Activity Feeds" solution="ActivityFeedsCore (6.1.2.112)" id="{cb269f84-e19d-e011-b66c-00155db528b6}" />
        <Dependent key="5" type="60" displayName="Information" parentDisplayName="Commercial Establishment" id="{87c0fae6-7bb3-4684-aa98-54e935a8b6fa}" />
      </MissingDependency>
      <MissingDependency>
        <Required key="57" type="20" displayName="Batch Process User" solution="Active" id="{32028abc-2a59-e411-81f7-001dd8b83d87}" />
        <Dependent key="5" type="60" displayName="Information" parentDisplayName="Commercial Establishment" id="{87c0fae6-7bb3-4684-aa98-54e935a8b6fa}" />
      </MissingDependency>
      <MissingDependency>
        <Required key="58" type="26" schemaName="Active Products" displayName="Active Products" parentSchemaName="product" parentDisplayName="Product" solution="System" id="{a066d18a-8a4a-44ee-b78e-9a870dc799dd}" />
        <Dependent key="59" type="60" displayName="Case" parentDisplayName="Case" id="{4a63c8d1-6c1e-48ec-9db4-3e6c7155334c}" />
      </MissingDependency>
      <MissingDependency>
        <Required key="60" type="26" schemaName="My Active Contacts" displayName="My Active Contacts" parentSchemaName="contact" parentDisplayName="Contact" solution="System" id="{00000000-0000-0000-00aa-000010001003}" />
        <Dependent key="6" type="60" displayName="Telesales – Commercial Establishment" parentDisplayName="Commercial Establishment" id="{26d76687-b0c2-46b2-bc4f-66cea7e3ffc0}" />
      </MissingDependency>
      <MissingDependency>
        <Required key="60" type="26" schemaName="My Active Contacts" displayName="My Active Contacts" parentSchemaName="contact" parentDisplayName="Contact" solution="System" id="{00000000-0000-0000-00aa-000010001003}" />
        <Dependent key="5" type="60" displayName="Information" parentDisplayName="Commercial Establishment" id="{87c0fae6-7bb3-4684-aa98-54e935a8b6fa}" />
      </MissingDependency>
      <MissingDependency>
        <Required key="61" type="26" schemaName="Account Lookup View" displayName="Account Lookup View" parentSchemaName="account" parentDisplayName="Customer" solution="System" id="{a9af0ab8-861d-4cfa-92a5-c6281fed7fab}" />
        <Dependent key="5" type="60" displayName="Information" parentDisplayName="Commercial Establishment" id="{87c0fae6-7bb3-4684-aa98-54e935a8b6fa}" />
      </MissingDependency>
      <MissingDependency>
        <Required key="62" type="26" schemaName="Active Contracts" displayName="Active Contracts" parentSchemaName="contract" parentDisplayName="Contract" solution="System" id="{646de3ee-ebfb-4d19-8a44-4a619505e188}" />
        <Dependent key="63" type="60" displayName="Information" parentDisplayName="Case" id="{f658c846-f74c-459b-b591-b97558958106}" />
      </MissingDependency>
      <MissingDependency>
        <Required key="62" type="26" schemaName="Active Contracts" displayName="Active Contracts" parentSchemaName="contract" parentDisplayName="Contract" solution="System" id="{646de3ee-ebfb-4d19-8a44-4a619505e188}" />
        <Dependent key="59" type="60" displayName="Case" parentDisplayName="Case" id="{4a63c8d1-6c1e-48ec-9db4-3e6c7155334c}" />
      </MissingDependency>
      <MissingDependency>
        <Required key="64" type="26" schemaName="Closure Reason Lookup View" displayName="Closure Reason Lookup View" parentSchemaName="cielo_closurereason" parentDisplayName="Closure Reason" solution="Active" id="{3c28912e-0768-431a-8b3f-863ae468d6d3}" />
        <Dependent key="5" type="60" displayName="Information" parentDisplayName="Commercial Establishment" id="{87c0fae6-7bb3-4684-aa98-54e935a8b6fa}" />
      </MissingDependency>
      <MissingDependency>
        <Required key="65" type="26" schemaName="Active Addresses" displayName="Active Addresses" parentSchemaName="cielo_address" parentDisplayName="Address" solution="Active" id="{ae9b85dc-9c0d-4cf7-8a26-1307829a945b}" />
        <Dependent key="5" type="60" displayName="Information" parentDisplayName="Commercial Establishment" id="{87c0fae6-7bb3-4684-aa98-54e935a8b6fa}" />
      </MissingDependency>
      <MissingDependency>
        <Required key="65" type="26" schemaName="Active Addresses" displayName="Active Addresses" parentSchemaName="cielo_address" parentDisplayName="Address" solution="Active" id="{ae9b85dc-9c0d-4cf7-8a26-1307829a945b}" />
        <Dependent key="6" type="60" displayName="Telesales – Commercial Establishment" parentDisplayName="Commercial Establishment" id="{26d76687-b0c2-46b2-bc4f-66cea7e3ffc0}" />
      </MissingDependency>
      <MissingDependency>
        <Required key="66" type="26" schemaName="Enabled Users" displayName="Enabled Users" parentSchemaName="systemuser" parentDisplayName="User" solution="System" id="{00000000-0000-0000-00aa-000010001019}" />
        <Dependent key="67" type="60" displayName="Information" parentDisplayName="Team" id="{f5cfab6a-d4c2-4519-b68f-6e7485432e29}" />
      </MissingDependency>
      <MissingDependency>
        <Required key="66" type="26" schemaName="Enabled Users" displayName="Enabled Users" parentSchemaName="systemuser" parentDisplayName="User" solution="System" id="{00000000-0000-0000-00aa-000010001019}" />
        <Dependent key="68" type="60" displayName="Team" parentDisplayName="Team" id="{7ba7fac1-1418-4335-935f-f7f8dfd73fcc}" />
      </MissingDependency>
      <MissingDependency>
        <Required key="69" type="26" schemaName="Related Solutions" displayName="Related Solutions" parentSchemaName="connection" parentDisplayName="Connection" solution="System" id="{23fb1036-e41d-4d75-8aa7-27569b5b6512}" />
        <Dependent key="59" type="60" displayName="Case" parentDisplayName="Case" id="{4a63c8d1-6c1e-48ec-9db4-3e6c7155334c}" />
      </MissingDependency>
      <MissingDependency>
        <Required key="70" type="26" schemaName="Valid Entitlements for Cases" displayName="Valid Entitlements for Cases" parentSchemaName="entitlement" parentDisplayName="Entitlement" solution="ServiceEnhancements610 (1.0)" id="{e7ea283b-0490-4956-939b-3325e0798fb8}" />
        <Dependent key="59" type="60" displayName="Case" parentDisplayName="Case" id="{4a63c8d1-6c1e-48ec-9db4-3e6c7155334c}" />
      </MissingDependency>
      <MissingDependency>
        <Required key="71" type="26" schemaName="All Phone Calls" displayName="All Phone Calls" parentSchemaName="phonecall" parentDisplayName="Phone Call" solution="System" id="{f6a2f891-6846-4b21-b922-712695afd65c}" />
        <Dependent key="6" type="60" displayName="Telesales – Commercial Establishment" parentDisplayName="Commercial Establishment" id="{26d76687-b0c2-46b2-bc4f-66cea7e3ffc0}" />
      </MissingDependency>
      <MissingDependency>
        <Required key="72" type="26" schemaName="Active Logical Terminal" displayName="Active Logical Terminal" parentSchemaName="cielo_logicalterminal" parentDisplayName="Logical Terminal" solution="Active" id="{a0510b16-215f-4ca7-8063-37f3c0d0be35}" />
        <Dependent key="5" type="60" displayName="Information" parentDisplayName="Commercial Establishment" id="{87c0fae6-7bb3-4684-aa98-54e935a8b6fa}" />
      </MissingDependency>
      <MissingDependency>
        <Required key="72" type="26" schemaName="Active Logical Terminal" displayName="Active Logical Terminal" parentSchemaName="cielo_logicalterminal" parentDisplayName="Logical Terminal" solution="Active" id="{a0510b16-215f-4ca7-8063-37f3c0d0be35}" />
        <Dependent key="6" type="60" displayName="Telesales – Commercial Establishment" parentDisplayName="Commercial Establishment" id="{26d76687-b0c2-46b2-bc4f-66cea7e3ffc0}" />
      </MissingDependency>
      <MissingDependency>
        <Required key="73" type="26" schemaName="Contract Line With Allotments" displayName="Contract Line With Allotments" parentSchemaName="contractdetail" parentDisplayName="Contract Line" solution="System" id="{8fa2705c-7e4c-4c0e-b611-4593b35a4c9e}" />
        <Dependent key="63" type="60" displayName="Information" parentDisplayName="Case" id="{f658c846-f74c-459b-b591-b97558958106}" />
      </MissingDependency>
      <MissingDependency>
        <Required key="73" type="26" schemaName="Contract Line With Allotments" displayName="Contract Line With Allotments" parentSchemaName="contractdetail" parentDisplayName="Contract Line" solution="System" id="{8fa2705c-7e4c-4c0e-b611-4593b35a4c9e}" />
        <Dependent key="59" type="60" displayName="Case" parentDisplayName="Case" id="{4a63c8d1-6c1e-48ec-9db4-3e6c7155334c}" />
      </MissingDependency>
      <MissingDependency>
        <Required key="74" type="26" schemaName="Virtual Manager Portfolio Lookup View" displayName="Virtual Manager Portfolio Lookup View" parentSchemaName="cielo_virtualmanagerportfolio" parentDisplayName="Virtual Manager Portfolio" solution="Active" id="{ddc766b9-5300-4b5c-b8f7-c14520180026}" />
        <Dependent key="5" type="60" displayName="Information" parentDisplayName="Commercial Establishment" id="{87c0fae6-7bb3-4684-aa98-54e935a8b6fa}" />
      </MissingDependency>
      <MissingDependency>
        <Required key="75" type="26" schemaName="My Phone Calls" displayName="My Phone Calls" parentSchemaName="phonecall" parentDisplayName="Phone Call" solution="System" id="{65f927d1-8cf1-4639-97d4-7b6388fb26d2}" />
        <Dependent key="6" type="60" displayName="Telesales – Commercial Establishment" parentDisplayName="Commercial Establishment" id="{26d76687-b0c2-46b2-bc4f-66cea7e3ffc0}" />
      </MissingDependency>
      <MissingDependency>
        <Required key="76" type="26" schemaName="Active Bank Account Information" displayName="Active Bank Account Information" parentSchemaName="cielo_bankaccountinformation" parentDisplayName="Bank Account Information" solution="Active" id="{fb9737d6-04f6-4269-9b08-754534594c66}" />
        <Dependent key="6" type="60" displayName="Telesales – Commercial Establishment" parentDisplayName="Commercial Establishment" id="{26d76687-b0c2-46b2-bc4f-66cea7e3ffc0}" />
      </MissingDependency>
      <MissingDependency>
        <Required key="76" type="26" schemaName="Active Bank Account Information" displayName="Active Bank Account Information" parentSchemaName="cielo_bankaccountinformation" parentDisplayName="Bank Account Information" solution="Active" id="{fb9737d6-04f6-4269-9b08-754534594c66}" />
        <Dependent key="5" type="60" displayName="Information" parentDisplayName="Commercial Establishment" id="{87c0fae6-7bb3-4684-aa98-54e935a8b6fa}" />
      </MissingDependency>
      <MissingDependency>
        <Required key="77" type="26" schemaName="Active Contacts" displayName="Active Contacts" parentSchemaName="contact" parentDisplayName="Contact" solution="System" id="{00000000-0000-0000-00aa-000010001004}" />
        <Dependent key="6" type="60" displayName="Telesales – Commercial Establishment" parentDisplayName="Commercial Establishment" id="{26d76687-b0c2-46b2-bc4f-66cea7e3ffc0}" />
      </MissingDependency>
      <MissingDependency>
        <Required key="77" type="26" schemaName="Active Contacts" displayName="Active Contacts" parentSchemaName="contact" parentDisplayName="Contact" solution="System" id="{00000000-0000-0000-00aa-000010001004}" />
        <Dependent key="5" type="60" displayName="Information" parentDisplayName="Commercial Establishment" id="{87c0fae6-7bb3-4684-aa98-54e935a8b6fa}" />
      </MissingDependency>
      <MissingDependency>
        <Required key="78" type="26" schemaName="Associated Cases" displayName="Associated Cases" parentSchemaName="incident" parentDisplayName="Case" solution="ServiceEnhancements610 (1.0)" id="{72210bbb-d9d5-42df-8efd-39395a3cd7a7}" />
        <Dependent key="59" type="60" displayName="Case" parentDisplayName="Case" id="{4a63c8d1-6c1e-48ec-9db4-3e6c7155334c}" />
      </MissingDependency>
      <MissingDependency>
        <Required key="79" type="60" displayName="account card" parentDisplayName="Customer" solution="System" id="{b028db32-3619-48a5-ac51-cf3f947b0ef3}" />
        <Dependent key="59" type="60" displayName="Case" parentDisplayName="Case" id="{4a63c8d1-6c1e-48ec-9db4-3e6c7155334c}" />
      </MissingDependency>
      <MissingDependency>
        <Required key="80" type="60" displayName="contact card" parentDisplayName="Contact" solution="System" id="{707fc57b-c5e6-471b-a180-e37ed28a38e2}" />
        <Dependent key="59" type="60" displayName="Case" parentDisplayName="Case" id="{4a63c8d1-6c1e-48ec-9db4-3e6c7155334c}" />
      </MissingDependency>
      <MissingDependency>
        <Required key="81" type="61" schemaName="cielo_/Scripts/SDK.REST.js" displayName="cielo_/Scripts/SDK.REST.js" solution="Active" />
        <Dependent key="6" type="60" displayName="Telesales – Commercial Establishment" parentDisplayName="Commercial Establishment" id="{26d76687-b0c2-46b2-bc4f-66cea7e3ffc0}" />
      </MissingDependency>
      <MissingDependency>
        <Required key="81" type="61" schemaName="cielo_/Scripts/SDK.REST.js" displayName="cielo_/Scripts/SDK.REST.js" solution="Active" />
        <Dependent key="5" type="60" displayName="Information" parentDisplayName="Commercial Establishment" id="{87c0fae6-7bb3-4684-aa98-54e935a8b6fa}" />
      </MissingDependency>
      <MissingDependency>
        <Required key="82" type="61" schemaName="Incident_main_system_library.js" displayName="Incident_main_system_library.js" solution="System" />
        <Dependent key="63" type="60" displayName="Information" parentDisplayName="Case" id="{f658c846-f74c-459b-b591-b97558958106}" />
      </MissingDependency>
      <MissingDependency>
        <Required key="83" type="61" schemaName="cielo_commercialestablishment_main_library.js" displayName="cielo_commercialestablishment_main_library.js" solution="Active" />
        <Dependent key="6" type="60" displayName="Telesales – Commercial Establishment" parentDisplayName="Commercial Establishment" id="{26d76687-b0c2-46b2-bc4f-66cea7e3ffc0}" />
      </MissingDependency>
      <MissingDependency>
        <Required key="83" type="61" schemaName="cielo_commercialestablishment_main_library.js" displayName="cielo_commercialestablishment_main_library.js" solution="Active" />
        <Dependent key="5" type="60" displayName="Information" parentDisplayName="Commercial Establishment" id="{87c0fae6-7bb3-4684-aa98-54e935a8b6fa}" />
      </MissingDependency>
      <MissingDependency>
        <Required key="84" type="61" schemaName="Team_main_system_library.js" displayName="Team_main_system_library.js" solution="System" />
        <Dependent key="67" type="60" displayName="Information" parentDisplayName="Team" id="{f5cfab6a-d4c2-4519-b68f-6e7485432e29}" />
      </MissingDependency>
      <MissingDependency>
        <Required key="85" type="61" schemaName="msdyn_/ActivityFeeds.Form.js" displayName="msdyn_/ActivityFeeds.Form.js" solution="ActivityFeedsCore (6.1.2.112)" />
        <Dependent key="63" type="60" displayName="Information" parentDisplayName="Case" id="{f658c846-f74c-459b-b591-b97558958106}" />
      </MissingDependency>
      <MissingDependency>
        <Required key="86" type="61" schemaName="cielo_customerservice_edit" displayName="cielo_customerservice_edit" solution="Active" />
        <Dependent key="87" type="50" schemaName="cielo_commercialestablishment:RibbonDiffXml" parentSchemaName="ribboncustomization" parentDisplayName="Application Ribbons" />
      </MissingDependency>
      <MissingDependency>
        <Required key="86" type="61" schemaName="cielo_customerservice_edit" displayName="cielo_customerservice_edit" solution="Active" />
        <Dependent key="6" type="60" displayName="Telesales – Commercial Establishment" parentDisplayName="Commercial Establishment" id="{26d76687-b0c2-46b2-bc4f-66cea7e3ffc0}" />
      </MissingDependency>
      <MissingDependency>
        <Required key="86" type="61" schemaName="cielo_customerservice_edit" displayName="cielo_customerservice_edit" solution="Active" />
        <Dependent key="5" type="60" displayName="Information" parentDisplayName="Commercial Establishment" id="{87c0fae6-7bb3-4684-aa98-54e935a8b6fa}" />
      </MissingDependency>
      <MissingDependency>
        <Required key="88" type="61" schemaName="msdyn_/Scripts/jquery1.5.2.min.js" displayName="msdyn_/Scripts/jquery1.5.2.min.js" solution="ActivityFeedsCore (6.1.2.112)" />
        <Dependent key="6" type="60" displayName="Telesales – Commercial Establishment" parentDisplayName="Commercial Establishment" id="{26d76687-b0c2-46b2-bc4f-66cea7e3ffc0}" />
      </MissingDependency>
      <MissingDependency>
        <Required key="89" type="61" schemaName="cielo_/Scripts/Jquery_1.9.1.min.js" displayName="cielo_/Scripts/Jquery_1.9.1.min.js" solution="Active" />
        <Dependent key="5" type="60" displayName="Information" parentDisplayName="Commercial Establishment" id="{87c0fae6-7bb3-4684-aa98-54e935a8b6fa}" />
      </MissingDependency>
      <MissingDependency>
        <Required key="90" type="61" schemaName="ava_/Scripts/LogException.js" displayName="ava_/Scripts/LogException.js" solution="Active" />
        <Dependent key="5" type="60" displayName="Information" parentDisplayName="Commercial Establishment" id="{87c0fae6-7bb3-4684-aa98-54e935a8b6fa}" />
      </MissingDependency>
      <MissingDependency>
        <Required key="91" type="61" schemaName="msdyn_/RecordWall.htm" displayName="msdyn_/RecordWall.htm" solution="ActivityFeedsCore (6.1.2.112)" />
        <Dependent key="63" type="60" displayName="Information" parentDisplayName="Case" id="{f658c846-f74c-459b-b591-b97558958106}" />
      </MissingDependency>
    </MissingDependencies>
  </SolutionManifest>
</ImportExportXml>